1-30 d,1-30 రోజులు
1. Which pump?,1. ఏ పంప్?
10 digits starting 6-9,6-9 తో మొదలయ్యే 10 అంకెలు
2. The KUMAR invoice,2. KUMAR ఇన్‌వాయిస్
2. What is happening,2. ఏం జరుగుతోంది
2. Which parts failed,2. ఏ పార్ట్‌లు పోయాయి
2. Your bill to the customer,2. కస్టమర్‌కు మీ బిల్లు
3-Plunger Pumps,3-ప్లంజర్ పంపులు
3. What the technician found,3. టెక్నీషియన్ ఏం కనుగొన్నారు
3. Who bought it,3. ఎవరు కొన్నారు
31-60 d,31-60 రోజులు
4. Where it is installed,4. ఎక్కడ ఇన్‌స్టాల్ చేశారు
"5-star rated BLDC fans, junction boxes and steel furniture","5-స్టార్ రేటెడ్ BLDC ఫ్యాన్లు, జంక్షన్ బాక్సులు, స్టీల్ ఫర్నిచర్"
60+ d,60+ రోజులు
<span class='h4'><b>Dealer Desk</b></span>,<span class='h4'><b>డీలర్ డెస్క్</b></span>
<span class='h4'><b>How to use this screen</b></span>,<span class='h4'><b>ఈ స్క్రీన్‌ను ఎలా వాడాలి</b></span>
<span class='h4'><b>KUMAR Masters</b></span>,<span class='h4'><b>KUMAR మాస్టర్లు</b></span>
<span class='h4'><b>Management</b></span>,<span class='h4'><b>మేనేజ్‌మెంట్</b></span>
<span class='h4'><b>Reports & Masters</b></span>,<span class='h4'><b>రిపోర్టులు & మాస్టర్లు</b></span>
<span class='h4'><b>Service Desk</b></span>,<span class='h4'><b>సర్వీస్ డెస్క్</b></span>
<span class='h4'><b>Shortcuts</b></span>,<span class='h4'><b>షార్ట్‌కట్‌లు</b></span>
<span class='h4'><b>Stock &amp; Manufacturing</b></span>,<span class='h4'><b>స్టాక్ &amp; తయారీ</b></span>
<span class='h4'><b>Traceability &amp; Quality</b></span>,<span class='h4'><b>ట్రేసబిలిటీ &amp; నాణ్యత</b></span>
<span class='h4'><b>Warranty &amp; Claims</b></span>,<span class='h4'><b>వారంటీ &amp; క్లెయిమ్‌లు</b></span>
A CSV with the right columns and two worked examples taken from your own masters. Delete the examples before you upload.,"సరైన కాలమ్‌లతో, మీ సొంత మాస్టర్ల నుండి తీసిన రెండు నమూనా వరుసలతో ఉన్న CSV. అప్‌లోడ్ చేసే ముందు నమూనాలను తొలగించండి."
A KUMAR branch invoices the customer itself. An authorised distributor buys on our invoice and raises its own to the customer - and the warranty is ours in both cases.,"KUMAR బ్రాంచ్ కస్టమర్‌కు తనే ఇన్‌వాయిస్ ఇస్తుంది. అధీకృత డిస్ట్రిబ్యూటర్ మన ఇన్‌వాయిస్ మీద కొని, కస్టమర్‌కు తన సొంత ఇన్‌వాయిస్ ఇస్తారు - రెండు సందర్భాల్లోనూ వారంటీ మనదే."
A complaint against one physical pump. Enter the serial and everything else fills itself.,"ఒక పంప్ మీద ఫిర్యాదు. సీరియల్ నంబర్ ఇవ్వండి, మిగిలినవన్నీ వాటంతట అవే నిండిపోతాయి."
A customer has a problem. We tell you at once if the visit is free.,కస్టమర్‌కు సమస్య ఉంది. సందర్శన ఉచితమా కాదా వెంటనే చెబుతాం.
A sale date needs a dealer - who sold it?,అమ్మిన తేదీకి డీలర్ కావాలి - ఎవరు అమ్మారు?
Abbreviation,సంక్షిప్త రూపం
Absent,గైర్హాజరు
Absent Days,గైర్హాజరు రోజులు
Accounts Payable,చెల్లించాల్సిన బాకీలు
Accounts Receivable,రావాల్సిన బాకీలు
Accounts User,అకౌంట్స్ యూజర్
Across the whole network,మొత్తం నెట్‌వర్క్ అంతటా
Across {0} departments,{0} విభాగాల్లో
Action Taken,తీసుకున్న చర్య
Active,వాడుకలో
Add Part,పార్ట్ జోడించు
Add Standard Duty Points,ప్రామాణిక డ్యూటీ పాయింట్లను జోడించు
Add Standard Elements,ప్రామాణిక మూలకాలను జోడించు
Address,చిరునామా
Agricultural Monobloc,వ్యవసాయ మోనోబ్లాక్
Agriculture,వ్యవసాయం
All,అన్నీ
All Dealers,అన్ని డీలర్లు
All Elements Within Spec,అన్ని మూలకాలు స్పెక్ లోపలే
Allow Dealer Backdated Registration (Days),డీలర్ వెనుక తేదీ రిజిస్ట్రేషన్ (రోజులు)
Already Registered,ఇప్పటికే రిజిస్టర్ అయింది
Already on file,ఇప్పటికే ఉన్నవి
Also created as a Batch so castings can carry it,కాస్టింగ్‌లు దీన్ని మోసుకెళ్ళేలా బ్యాచ్‌గా కూడా సృష్టించబడుతుంది
Aluminium Die Cast,అల్యూమినియం డై కాస్ట్
Amended From,సవరించిన మూలం
Amount,మొత్తం
Analysis,విశ్లేషణ
Any status,ఏ స్థితి అయినా
Application,ఉపయోగం
Approved Amount,ఆమోదించిన మొత్తం
Approved By,ఆమోదించినవారు
Approved On,ఆమోదించిన తేదీ
Approved for Pouring,పోయడానికి ఆమోదం
Ask KUMAR to settle a failure under warranty. Name the parts and say what the technician found - a claim with evidence is settled faster than one without.,"వారంటీ కింద ఒక లోపాన్ని సెటిల్ చేయమని KUMAR ను అడగండి. ఏ పార్ట్‌లు పోయాయో, టెక్నీషియన్ ఏం కనుగొన్నారో రాయండి - ఆధారాలున్న క్లెయిమ్ త్వరగా సెటిల్ అవుతుంది."
"Ask KUMAR to settle a part, a whole unit or a repair bill.","ఒక పార్ట్, పూర్తి యూనిట్ లేదా మరమ్మతు బిల్లును సెటిల్ చేయమని KUMAR ను అడగండి."
Assembly,అసెంబ్లీ
Assigned,కేటాయించబడింది
At work,పనిలో ఉన్నారు
Attendance,హాజరు
Attendance Mix,హాజరు వివరాలు
Authorised Dealer,అధీకృత డీలర్
Authorised Distributor,అధీకృత డిస్ట్రిబ్యూటర్
Authorised distributors,అధీకృత డిస్ట్రిబ్యూటర్లు
Auto = HP x 0.7457,ఆటో = HP x 0.7457
Auto from Invoice,ఇన్‌వాయిస్ నుండి ఆటోమేటిక్
Auto-registration skipped: no Dealer on the invoice or customer.,ఆటో-రిజిస్ట్రేషన్ వదిలేశాం: ఇన్‌వాయిస్ మీద లేదా కస్టమర్ మీద డీలర్ లేరు.
Automated foundry,ఆటోమేటెడ్ ఫౌండ్రీ
Average Gross,సగటు స్థూల జీతం
Average Invoice,సగటు ఇన్‌వాయిస్
Average Realisation,సగటు వసూలు
Avg / Pump,సగటు / పంప్
Avg Rate,సగటు ధర
Avg per Pump,పంప్‌కు సగటు
Awaiting Bill,బిల్లు కోసం ఎదురుచూస్తోంది
Awaiting Delivery,డెలివరీ కోసం ఎదురుచూస్తోంది
Awaiting Parts,పార్ట్‌ల కోసం ఎదురుచూస్తోంది
BIS Standard,BIS ప్రమాణం
BIS Standard Ref,BIS ప్రమాణం రిఫరెన్స్
BOM,BOM
BOM Explorer,BOM ఎక్స్‌ప్లోరర్
Base Type,బేస్ రకం
Batch,బ్యాచ్
Batch Defect Analysis,బ్యాచ్ లోపాల విశ్లేషణ
Batch Failure Alert Threshold %,బ్యాచ్ లోప హెచ్చరిక పరిమితి %
Batch {0},బ్యాచ్ {0}
Batch-Wise Balance History,బ్యాచ్ వారీ నిల్వ చరిత్ర
Bearing Failure,బేరింగ్ లోపం
Best Selling Models,ఎక్కువ అమ్ముడైన మోడల్‌లు
Bill No,బిల్లు నంబర్
Billed,బిల్లు చేయబడింది
"Billed to You, 30 Days","మీకు బిల్లు చేసినవి, 30 రోజులు"
Bills,బిల్లులు
Block Dispatch Unless QC Passed,QC పాస్ కాకపోతే డిస్పాచ్ ఆపు
Booster Pumps,బూస్టర్ పంపులు
Borewell Depth (ft),బోరుబావి లోతు (అడుగులు)
Branch,బ్రాంచ్
Branch Office,బ్రాంచ్ ఆఫీసు
Branch offices,బ్రాంచ్ ఆఫీసులు
Built,తయారైంది
"Built and Tested, by Day",రోజువారీ తయారీ మరియు టెస్ట్
Bulk Import,బల్క్ ఇంపోర్ట్
Buying & Selling,కొనుగోలు & అమ్మకం
"CNC, VMC and HMC machining","CNC, VMC మరియు HMC మెషీనింగ్"
Cable Fault,కేబుల్ లోపం
Call these customers,ఈ కస్టమర్లకు ఫోన్ చేయండి
Cancelled,రద్దు చేయబడింది
Cannot pass this unit: {0} test failed,ఈ యూనిట్‌ను పాస్ చేయలేము: {0} టెస్ట్ విఫలమైంది
Carbon Equivalent,కార్బన్ ఈక్వివలెంట్
Casing Heat,కేసింగ్ హీట్
Cast Iron,కాస్ట్ ఐరన్
Catalogue,కేటలాగ్
Category,కేటగిరీ
Category Name,కేటగిరీ పేరు
Centrifugal Monobloc,సెంట్రిఫ్యూగల్ మోనోబ్లాక్
Certificate,సర్టిఫికెట్
Certificate Issued On Behalf Of,సర్టిఫికెట్ ఎవరి తరఫున జారీ అవుతుంది
Certificate No,సర్టిఫికెట్ నంబర్
Charge Weight (kg),ఛార్జ్ బరువు (కేజీ)
Chargeable,ఛార్జ్ చేయదగినది
Chart unavailable,చార్ట్ అందుబాటులో లేదు
Check Warranty,వారంటీ చూడండి
Check a Pump,పంప్ వివరాలు చూడండి
Check a warranty,వారంటీ చూడండి
Check the file,ఫైల్‌ను తనిఖీ చేయి
Checking...,తనిఖీ చేస్తోంది...
Chemistry Out of Spec,రసాయన కూర్పు స్పెక్ దాటింది
Chemistry within spec - CE {0},రసాయన కూర్పు స్పెక్ లోపలే ఉంది - CE {0}
Choose a part,ఒక పార్ట్ ఎంచుకోండి
Choose file and check,ఫైల్ ఎంచుకుని తనిఖీ చేయి
Choose from your pumps,మీ పంపుల నుండి ఎంచుకోండి
Choose one,ఒకటి ఎంచుకోండి
Choose what is wrong with the pump,పంప్‌కు ఏం సమస్య ఉందో ఎంచుకోండి
City,పట్టణం
Claim,క్లెయిమ్
Claim Amount,క్లెయిమ్ మొత్తం
Claim Date,క్లెయిమ్ తేదీ
Claim Part Row,క్లెయిమ్ పార్ట్ వరుస
Claim Type,క్లెయిమ్ రకం
Claim Warranty,వారంటీ క్లెయిమ్ చేయండి
Claim status: {0},క్లెయిమ్ స్థితి: {0}
Claim {0} has been lodged. KUMAR will review it and you can follow it under My Tickets.,"క్లెయిమ్ {0} నమోదైంది. KUMAR దాన్ని పరిశీలిస్తుంది, మీరు నా టికెట్లలో దాన్ని చూడవచ్చు."
Claimed Parts,క్లెయిమ్ చేసిన పార్ట్‌లు
Claims,క్లెయిమ్‌లు
Claims being checked,పరిశీలనలో ఉన్న క్లెయిమ్‌లు
Clear,తుడిచేయి
Clear filters,ఫిల్టర్లు తొలగించు
Closed,ముగిసింది
Comma separated days before expiry to remind,గడువు ముగియడానికి ఎన్ని రోజుల ముందు గుర్తు చేయాలి - కామాతో వేరు చేయండి
Commercial,వాణిజ్య
Complaint,ఫిర్యాదు
Complaint Description,ఫిర్యాదు వివరణ
Complaint {0} is with KUMAR. A free visit is due - this pump is in warranty.,"ఫిర్యాదు {0} KUMAR కు చేరింది. ఈ పంప్ వారంటీలో ఉంది, కాబట్టి ఉచిత సందర్శన వస్తుంది."
"Complaint {0} is with KUMAR. This pump is out of warranty, so the visit is chargeable.","ఫిర్యాదు {0} KUMAR కు చేరింది. ఈ పంప్ వారంటీ ముగిసింది, కాబట్టి సందర్శనకు ఛార్జీ ఉంటుంది."
Complaints,ఫిర్యాదులు
Complaints from your customers that are still open,మీ కస్టమర్ల నుండి ఇంకా తెరిచి ఉన్న ఫిర్యాదులు
Compliance,ప్రమాణాల పాలన
Configuration,కాన్ఫిగరేషన్
Contact,సంప్రదింపు
Contact KUMAR,KUMAR ను సంప్రదించండి
Contact Person,సంప్రదించాల్సిన వ్యక్తి
Continuous R &amp; D,నిరంతర పరిశోధన &amp; అభివృద్ధి
Copper,రాగి
Copper Wire Batch,రాగి తీగ బ్యాచ్
Could not load this screen. You may not have permission for it.,ఈ స్క్రీన్ లోడ్ కాలేదు. మీకు దీనికి అనుమతి లేకపోవచ్చు.
Create,సృష్టించు
Credit Limit,క్రెడిట్ పరిమితి
Credit Note,క్రెడిట్ నోట్
Critical,అత్యవసరం
Cure Duration (min),క్యూర్ సమయం (నిమిషాలు)
Current (A),కరెంట్ (A)
Customer,కస్టమర్
Customer Mobile,కస్టమర్ మొబైల్
Customer Name,కస్టమర్ పేరు
Customer Sign-off,కస్టమర్ ఆమోదం
Customer Signature,కస్టమర్ సంతకం
Customer mobile is required on a sold pump,అమ్మిన పంప్‌కు కస్టమర్ మొబైల్ తప్పనిసరి
Customer name is required on a sold pump,అమ్మిన పంప్‌కు కస్టమర్ పేరు తప్పనిసరి
DISA computerised foundry from Denmark,డెన్మార్క్ నుండి DISA కంప్యూటరైజ్డ్ ఫౌండ్రీ
DISA moulding machines installed in the foundry,ఫౌండ్రీలో DISA మౌల్డింగ్ మెషీన్ల ఏర్పాటు
"DISA moulding on German technology, for accuracy and casting strength.",జర్మన్ టెక్నాలజీ ఆధారిత DISA మౌల్డింగ్ - కచ్చితత్వం మరియు కాస్టింగ్ బలం కోసం.
Daily Production,రోజువారీ ఉత్పత్తి
Data Migration,డేటా మైగ్రేషన్
Date,తేదీ
Date Sold,అమ్మిన తేదీ
Date of Sale,అమ్మిన తేదీ
Date range is limited to {0} days,కాల పరిధి గరిష్ఠంగా {0} రోజులు మాత్రమే
Days,రోజులు
Days Since Last Sale,చివరి అమ్మకం నుండి రోజులు
Days Since Sale,చివరి అమ్మకం నుండి రోజులు
Dealer,డీలర్
Dealer Code,డీలర్ కోడ్
Dealer Desk,డీలర్ డెస్క్
Dealer Manager,డీలర్ మేనేజర్
Dealer Name,డీలర్ పేరు
Dealer Network,డీలర్ నెట్‌వర్క్
Dealer Performance,డీలర్ పనితీరు
Dealer Portal,డీలర్ పోర్టల్
Dealer Requests,డీలర్ రిక్వెస్ట్‌లు
Dealer Requests & Claims,డీలర్ రిక్వెస్ట్‌లు & క్లెయిమ్‌లు
Dealer Stamp &amp; Signature,డీలర్ స్టాంప్ &amp; సంతకం
Dealer Tree,డీలర్ వృక్షం
Dealer Type,డీలర్ రకం
"Dealer asks for warranty settlement. Heat and winding batch ride along, which is what makes batch defect analysis possible.",డీలర్ వారంటీ సెటిల్‌మెంట్ కోరుతున్నారు. హీట్ మరియు వైండింగ్ బ్యాచ్ కూడా దీనితో పాటే వస్తాయి - అందుకే బ్యాచ్ లోపాల విశ్లేషణ సాధ్యమవుతుంది.
Dealer login,డీలర్ లాగిన్
Dealer records a sale. This is what starts the warranty clock and issues the certificate.,డీలర్ ఒక అమ్మకాన్ని నమోదు చేస్తారు. ఇదే వారంటీ కాలాన్ని మొదలుపెట్టి సర్టిఫికెట్ జారీ చేస్తుంది.
Dealer {0} does not exist,{0} డీలర్ లేరు
Dealer's,డీలర్‌వి
Dealer's GSTIN,డీలర్ GSTIN
Dealer's Invoice Date,డీలర్ ఇన్‌వాయిస్ తేదీ
Dealer's Invoice No,డీలర్ ఇన్‌వాయిస్ నంబర్
Dealer's Invoice Required,డీలర్ ఇన్‌వాయిస్ తప్పనిసరి
Dealers can only register sales up to {0} days old. Contact the branch office.,డీలర్లు {0} రోజుల లోపు అమ్మకాలను మాత్రమే రిజిస్టర్ చేయగలరు. బ్రాంచ్ ఆఫీసును సంప్రదించండి.
Deductions,మినహాయింపులు
Default Service Centre,డిఫాల్ట్ సర్వీస్ సెంటర్
Default Warranty (Months),డిఫాల్ట్ వారంటీ (నెలలు)
Defect Observed,గమనించిన లోపం
Defect Photo,లోపం ఫోటో
Defective Part Returned,లోపమున్న పార్ట్ తిరిగి వచ్చింది
Defective Parts,లోపమున్న పార్ట్‌లు
Delivered,డెలివరీ అయింది
Delivery Note,డెలివరీ నోట్
Delivery Size (inch),డెలివరీ సైజు (అంగుళం)
Department,విభాగం
Describe the problem in the customer's own words,కస్టమర్ మాటల్లోనే సమస్యను రాయండి
Describe what the customer is reporting,కస్టమర్ చెబుతున్నది రాయండి
Description,వివరణ
Designation,హోదా
Desk,డెస్క్
Details,వివరాలు
Direct - KUMAR Invoice,నేరుగా - KUMAR ఇన్‌వాయిస్
Discharge,డిశ్చార్జ్
Discharge (LPM),డిశ్చార్జ్ (LPM)
Discharge Max,గరిష్ఠ డిశ్చార్జ్
Discharge Min,కనిష్ఠ డిశ్చార్జ్
Discharge UOM,డిశ్చార్జ్ కొలమానం
Dispatched,పంపబడింది
District,జిల్లా
Domestic,గృహ
Doosan twin-spindle machines from Korea,కొరియా నుండి డూసాన్ ట్విన్-స్పిండిల్ మెషీన్లు
Double Stage,డబుల్ స్టేజ్
Download CSV template,CSV టెంప్లేట్ డౌన్‌లోడ్ చేయి
Draft,డ్రాఫ్ట్
Dry Run,డ్రై రన్
Due,గడువు
Duty Point,డ్యూటీ పాయింట్
Duty Points,డ్యూటీ పాయింట్లు
Dynamic balancing and CNC grinding,డైనమిక్ బ్యాలెన్సింగ్ మరియు CNC గ్రైండింగ్
EXPIRED,వారంటీ ముగిసింది
EXPIRING SOON,త్వరలో ముగుస్తుంది
EXPIRING SOON - {0} days left (expires {1}),త్వరలో ముగుస్తుంది - {0} రోజులు మిగిలాయి ({1} న ముగుస్తుంది)
Efficiency %,సామర్థ్యం %
Electrical & Mechanical Tests,విద్యుత్ & యాంత్రిక పరీక్షలు
Electrical Motors,విద్యుత్ మోటార్లు
Electrical Test,విద్యుత్ పరీక్ష
Element,మూలకం
Email,ఇమెయిల్
Employee,ఉద్యోగి
Enable Heat Traceability,హీట్ ట్రేసబిలిటీ ఆన్ చేయి
Enable Test Certificate,టెస్ట్ సర్టిఫికెట్ ఆన్ చేయి
End Customer,చివరి కస్టమర్
Engine Driven Pumps,ఇంజన్ నడిచే పంపులు
Enter a serial number,సీరియల్ నంబర్ ఇవ్వండి
Enter serial number from the nameplate,నేమ్‌ప్లేట్ మీద ఉన్న సీరియల్ నంబర్ ఇవ్వండి
Enter the spectrometer readings before approving this heat for pouring,ఈ హీట్‌ను పోయడానికి ఆమోదించే ముందు స్పెక్ట్రోమీటర్ రీడింగ్‌లను నమోదు చేయండి
"Every complaint and claim you have with KUMAR, and where it stands.","KUMAR తో మీకున్న ప్రతి ఫిర్యాదు, క్లెయిమ్ మరియు వాటి స్థితి."
"Every complaint and warranty claim you have with KUMAR, newest first, and exactly where each one stands.","KUMAR తో మీకున్న ప్రతి ఫిర్యాదు మరియు వారంటీ క్లెయిమ్, కొత్తవి ముందుగా, ప్రతి ఒక్కటి ఏ దశలో ఉందో సహా."
Every configurable assumption lives here - nothing is hardcoded.,మార్చుకోగల ప్రతి అంశం ఇక్కడే ఉంటుంది - ఏదీ కోడ్‌లో స్థిరంగా రాయలేదు.
Every order has been received and billed.,"అన్ని ఆర్డర్‌లు అందాయి, బిల్లులూ వచ్చాయి."
Every outlet moved stock,ప్రతి అవుట్‌లెట్ స్టాక్ అమ్మింది
"Every pump component machined on computerised machines, so parts are interchangeable across a production run.","ప్రతి పంప్ భాగాన్ని కంప్యూటరైజ్డ్ మెషీన్ల మీద తయారు చేస్తాం, అందుకే ఒక ఉత్పత్తి బ్యాచ్‌లో భాగాలు ఒకదానికొకటి సరిపోతాయి."
"Every pump we build carries its own history - the melt its casing came from, the winding lot in its stator, the test bench reading before it left, and the warranty that started the day a dealer sold it. One serial number answers all of it.","మేము తయారు చేసే ప్రతి పంప్‌కు దాని సొంత చరిత్ర ఉంటుంది - దాని కేసింగ్ ఏ మెల్ట్ నుండి వచ్చింది, స్టేటర్‌లో ఏ వైండింగ్ లాట్ ఉంది, బయటకు వెళ్ళే ముందు టెస్ట్ బెంచ్ మీద ఏ రీడింగ్ వచ్చింది, డీలర్ అమ్మిన రోజు మొదలైన వారంటీ ఏది. ఒక సీరియల్ నంబర్ ఇవన్నీ చెబుతుంది."
Evidence,ఆధారాలు
Expired,వారంటీ ముగిసింది
Expires,ముగుస్తుంది
Expiring 30d,30 రోజుల్లో ముగుస్తున్నవి
Expiring Soon,త్వరలో ముగుస్తుంది
Export Dealers (CSV),డీలర్లను ఎక్స్‌పోర్ట్ చేయి (CSV)
Export Employee List (CSV),ఉద్యోగుల జాబితాను ఎక్స్‌పోర్ట్ చేయి (CSV)
Export Invoices (CSV),ఇన్‌వాయిస్‌లను ఎక్స్‌పోర్ట్ చేయి (CSV)
Export Work Orders (CSV),వర్క్ ఆర్డర్‌లను ఎక్స్‌పోర్ట్ చేయి (CSV)
Fail,ఫెయిల్
Failed,విఫలమైంది
Failure rate {0}% (threshold {1}%),లోపాల రేటు {0}% (పరిమితి {1}%)
Family,కుటుంబం
Family Code,కుటుంబ కోడ్
Fault %,లోపం %
Feedback,అభిప్రాయం
Fettling & Shot Blast,ఫెట్లింగ్ & షాట్ బ్లాస్ట్
Field engineer who attends service requests.,సర్వీస్ రిక్వెస్ట్‌లకు వెళ్ళే ఫీల్డ్ ఇంజనీర్.
Fifty years of upgrading the shop floor,యాభై ఏళ్ళుగా షాప్ ఫ్లోర్‌ను మెరుగుపరుస్తూ
Find,వెతుకు
Findings,కనుగొన్నవి
Finished Stock,సిద్ధమైన స్టాక్
First Response,మొదటి స్పందన
Flat submersible cable,ఫ్లాట్ సబ్‌మెర్సిబుల్ కేబుల్
For KUMAR Pumps &amp; Motors,KUMAR పంపులు &amp; మోటార్ల తరఫున
"For service, contact your KUMAR dealer or the nearest branch office. Warranty covers manufacturing defects only.",సర్వీస్ కోసం మీ KUMAR డీలర్‌ను లేదా దగ్గరి బ్రాంచ్ ఆఫీసును సంప్రదించండి. వారంటీ తయారీ లోపాలకు మాత్రమే వర్తిస్తుంది.
Foundry & Winding,ఫౌండ్రీ & వైండింగ్
Foundry Heats,ఫౌండ్రీ హీట్‌లు
Foundry Heats by Day,రోజువారీ ఫౌండ్రీ హీట్‌లు
Foundry Operator,ఫౌండ్రీ ఆపరేటర్
Free (in warranty),ఉచితం (వారంటీలో)
Frequency (Hz),ఫ్రీక్వెన్సీ (Hz)
Fulfilled,పూర్తయింది
Full Load Current (A),ఫుల్ లోడ్ కరెంట్ (A)
Full Unit Replacement,పూర్తి యూనిట్ రిప్లేస్‌మెంట్
Furnace,ఫర్నేస్
GST {0},GST {0}
GSTIN,GSTIN
Genealogy of Produced Units,తయారైన యూనిట్ల వంశవృక్షం
Genealogy: {0},వంశవృక్షం: {0}
General Ledger,జనరల్ లెడ్జర్
Get the template,టెంప్లేట్ తీసుకోండి
Go To,వెళ్ళు
Goods Received,సరుకు అందింది
Grade,గ్రేడ్
Grade Achieved,సాధించిన గ్రేడ్
Grand Total,గ్రాండ్ టోటల్
Grinding,గ్రైండింగ్
Gross,స్థూలం
Gross Margin,స్థూల మార్జిన్
Gross Wage Bill,స్థూల జీతాల బిల్లు
Growth %,వృద్ధి %
Gunmetal,గన్‌మెటల్
HP,HP
Hand Pumps,చేతి పంపులు
Head (m),హెడ్ (మీ)
Head Max (m),గరిష్ఠ హెడ్ (మీ)
Head Min (m),కనిష్ఠ హెడ్ (మీ)
Head office,ప్రధాన కార్యాలయం
Headcount,సిబ్బంది సంఖ్య
Headcount by Department,విభాగం వారీ సిబ్బంది
Headcount by Grade,గ్రేడ్ వారీ సిబ్బంది
Heat,హీట్
Heat Chemistry Log,హీట్ రసాయన కూర్పు లాగ్
Heat Date,హీట్ తేదీ
Heat Grade,హీట్ గ్రేడ్
Heat No,హీట్ నంబర్
Heat Record,హీట్ రికార్డు
Heat Spectro Reading,హీట్ స్పెక్ట్రో రీడింగ్
Heats,హీట్‌లు
HiPot,HiPot
HiPot Result,HiPot ఫలితం
HiPot Test (kV),HiPot టెస్ట్ (kV)
HiPot Voltage (kV),HiPot వోల్టేజ్ (kV)
Hide,దాచు
High,ఎక్కువ
High Pressure Pumps,హై ప్రెషర్ పంపులు
Historical Import,పాత రికార్డుల ఇంపోర్ట్
Historical Serial Import,పాత సీరియల్ నంబర్ల ఇంపోర్ట్
Home,హోమ్
How it is made,ఎలా తయారవుతుంది
How your weeks went,మీ వారాలు ఎలా గడిచాయి
Hydrostatic,హైడ్రోస్టాటిక్
Hydrostatic Pressure (kg/cm2),హైడ్రోస్టాటిక్ ఒత్తిడి (kg/cm2)
Hydrostatic Result,హైడ్రోస్టాటిక్ ఫలితం
ID,ID
IN WARRANTY,వారంటీలో ఉంది
IN WARRANTY - expires {0} ({1} days left),వారంటీలో ఉంది - {0} న ముగుస్తుంది ({1} రోజులు మిగిలాయి)
IR Test (Mohm),IR టెస్ట్ (Mohm)
Icon,ఐకాన్
Identity & QR,గుర్తింపు & QR
Image,చిత్రం
Impeller,ఇంపెల్లర్
Impeller Damage,ఇంపెల్లర్ దెబ్బతింది
Impeller Material,ఇంపెల్లర్ మెటీరియల్
Import,ఇంపోర్ట్
Import now,ఇప్పుడే ఇంపోర్ట్ చేయి
"Import this file? Registrations are submitted, so they can only be cancelled afterwards, never deleted.","ఈ ఫైల్‌ను ఇంపోర్ట్ చేయాలా? రిజిస్ట్రేషన్లు సబ్మిట్ అవుతాయి, కాబట్టి తర్వాత రద్దు చేయవచ్చు, తొలగించలేము."
Importing...,ఇంపోర్ట్ అవుతోంది...
In Progress,జరుగుతోంది
In Warranty,వారంటీలో ఉంది
Inconsistent Result,ఫలితం సరిపోలలేదు
Induction furnace and metallurgical lab,ఇండక్షన్ ఫర్నేస్ మరియు మెటలర్జికల్ ల్యాబ్
Inductotherm induction furnace and metallurgical lab,ఇండక్టోథర్మ్ ఇండక్షన్ ఫర్నేస్ మరియు మెటలర్జికల్ ల్యాబ్
Industrial,పరిశ్రమ
Input GST {0},ఇన్‌పుట్ GST {0}
Input Power (kW),ఇన్‌పుట్ పవర్ (kW)
Input kW,ఇన్‌పుట్ kW
Installation,ఇన్‌స్టాలేషన్
Installation Error,ఇన్‌స్టాలేషన్ తప్పు
Installation Issue,ఇన్‌స్టాలేషన్ సమస్య
Installed At,ఇన్‌స్టాల్ చేసిన చోటు
Insulation Resistance (Mohm),ఇన్సులేషన్ రెసిస్టెన్స్ (Mohm)
Invalid Mobile Number,మొబైల్ నంబర్ సరైనది కాదు
Invoice,ఇన్‌వాయిస్
Invoice Issued By,ఇన్‌వాయిస్ జారీ చేసినవారు
Invoiced,ఇన్‌వాయిస్ చేయబడింది
"Iron melted to 1500&deg;C under control, and a spectrometer reading taken before the metal is ever poured.","ఇనుమును నియంత్రిత పద్ధతిలో 1500&deg;C వరకు కరిగించి, లోహాన్ని పోయడానికి ముందే స్పెక్ట్రోమీటర్ రీడింగ్ తీసుకుంటాం."
Is Active,వాడుకలో ఉంది
Is Group,గ్రూప్
Is KUMAR's Own Outlet,KUMAR సొంత అవుట్‌లెట్
Is Service Centre,సర్వీస్ సెంటర్
Item,ఐటమ్
Item Group,ఐటమ్ గ్రూప్
Item Name,ఐటమ్ పేరు
Item {0} does not exist,{0} ఐటమ్ లేదు
Item {0} is not serialised,{0} ఐటమ్‌కు సీరియల్ నంబర్లు లేవు
Item-wise Price List Rate,ఐటమ్ వారీ ధరల జాబితా
Items,ఐటమ్‌లు
Jet Monobloc,జెట్ మోనోబ్లాక్
Job Card,జాబ్ కార్డ్
Job Card Summary,జాబ్ కార్డ్ సారాంశం
Jobs waiting on you,మీ మీద ఉన్న పనులు
Joined,చేరిన తేదీ
Journal Entry,జర్నల్ ఎంట్రీ
KUKA and ABB robots on the machining lines,మెషీనింగ్ లైన్లలో KUKA మరియు ABB రోబోట్లు
KUMAR Branch,KUMAR బ్రాంచ్
KUMAR Dealer,KUMAR డీలర్
KUMAR Dealer Portal,KUMAR డీలర్ పోర్టల్
KUMAR Invoice,KUMAR ఇన్‌వాయిస్
KUMAR Invoice Required,KUMAR ఇన్‌వాయిస్ తప్పనిసరి
KUMAR Pumps & Motors,KUMAR పంపులు & మోటార్లు
KUMAR Pumps &amp; Motors,KUMAR పంపులు &amp; మోటార్లు
KUMAR Pumps - Warranty Check,KUMAR పంపులు - వారంటీ తనిఖీ
KUMAR brand since 1973,1973 నుండి KUMAR బ్రాండ్
KUMAR warranty on this pump,ఈ పంప్ మీద KUMAR వారంటీ
"Kumar Building, Wahab Road, Tenali - 522 201, Guntur Dist., Andhra Pradesh","కుమార్ బిల్డింగ్, వాహబ్ రోడ్, తెనాలి - 522 201, గుంటూరు జిల్లా, ఆంధ్రప్రదేశ్"
Kumar Service Settings,కుమార్ సర్వీస్ సెట్టింగ్‌లు
Kumar Warranty Claim,కుమార్ వారంటీ క్లెయిమ్
Lab Approval,ల్యాబ్ ఆమోదం
Labour Charge,కూలీ ఛార్జీ
Landline,ల్యాండ్‌లైన్
Last 30 Days,గత 30 రోజులు
Last Month,గత నెల
Last Net Pay,చివరి నికర జీతం
Last Sale,చివరి అమ్మకం
Latest payroll run,చివరి జీతాల రన్
Leakage,లీకేజీ
Leave,సెలవు
Leave 0 to inherit the category default,కేటగిరీ డిఫాల్ట్‌ను తీసుకోవాలంటే 0 గా ఉంచండి
Leave Application,సెలవు దరఖాస్తు
Links,లింక్‌లు
"Load pumps that were built and sold before this system went live. Every row becomes a Serial No; every row that carries a sale date also becomes a submitted registration, with the warranty already running.",ఈ సిస్టమ్ మొదలవ్వక ముందు తయారై అమ్ముడైన పంపులను ఎక్కించండి. ప్రతి వరుస ఒక సీరియల్ నంబర్ అవుతుంది; అమ్మిన తేదీ ఉన్న ప్రతి వరుస సబ్మిట్ చేసిన రిజిస్ట్రేషన్‌గా మారి వారంటీ కూడా మొదలవుతుంది.
Loading...,లోడ్ అవుతోంది...
Lodge Claim with KUMAR,KUMAR తో క్లెయిమ్ నమోదు చేయండి
"Log what the customer is reporting. We answer immediately whether the visit is free, and the response clock starts the moment you submit.","కస్టమర్ చెబుతున్నది నమోదు చేయండి. సందర్శన ఉచితమా కాదా వెంటనే చెబుతాం, మీరు సబ్మిట్ చేసిన క్షణం నుండే స్పందన సమయం మొదలవుతుంది."
Look Up,వివరాలు చూడు
Looking up {0}...,{0} వివరాలు చూస్తున్నాం...
Low,తక్కువ
Low Discharge,తక్కువ డిశ్చార్జ్
MSME National Award 2010 for Outstanding Entrepreneurship,అత్యుత్తమ వ్యవస్థాపనకు MSME జాతీయ పురస్కారం 2010
Machine,మెషీన్
Machining,మెషీనింగ్
Management,మేనేజ్‌మెంట్
Management Dashboard,మేనేజ్‌మెంట్ డాష్‌బోర్డ్
Manufactured,తయారైన తేదీ
Manufactured On,తయారు చేసిన తేదీ
Manufacturing,తయారీ
Manufacturing Date,తయారీ తేదీ
Manufacturing Defect,తయారీ లోపం
Manufacturing Genealogy,తయారీ వంశవృక్షం
Manufacturing Reports,తయారీ రిపోర్టులు
Manufacturing date {0} is not a date,తయారీ తేదీ {0} సరైన తేదీ కాదు
Markets,మార్కెట్లు
Masters,మాస్టర్లు
Material,మెటీరియల్
Material Request,మెటీరియల్ రిక్వెస్ట్
Mechanical,యాంత్రిక
Medium,మధ్యస్థం
Melting & Pouring,మెల్టింగ్ & పోరింగ్
Misuse,తప్పుగా వాడటం
Mobile,మొబైల్
Mobile No,మొబైల్ నంబర్
Mobile {0} must be 10 digits starting 6-9,మొబైల్ {0} 6-9 తో మొదలై 10 అంకెలు ఉండాలి
Model,మోడల్
Model Code,మోడల్ కోడ్
Model Reliability,మోడల్ నమ్మకత
Models,మోడల్‌లు
Models Built,తయారైన మోడల్‌లు
Money,డబ్బు
Money still to collect,ఇంకా వసూలు కావాల్సిన డబ్బు
Month,నెల
Monthly Base,నెలవారీ మూల జీతం
Most Absences,ఎక్కువ గైర్హాజరు
Motor Burnt,మోటార్ కాలిపోయింది
Moulding,మౌల్డింగ్
My Business,నా వ్యాపారం
My Claims,నా క్లెయిమ్‌లు
My Registrations,నా రిజిస్ట్రేషన్లు
My Tickets,నా టికెట్లు
NOT REGISTERED,రిజిస్టర్ కాలేదు
NOT REGISTERED - ask the dealer to complete registration first,రిజిస్టర్ కాలేదు - ముందు రిజిస్ట్రేషన్ పూర్తి చేయమని డీలర్‌ను అడగండి
Name,పేరు
Net,నికరం
Net Paid,చెల్లించిన నికరం
Net of Tax,పన్ను మినహాయించి
Net sales less cost of goods sold ({0}),నికర అమ్మకాలు మైనస్ అమ్మిన సరుకుల ఖర్చు ({0})
Network,నెట్‌వర్క్
New Service Request,కొత్త సర్వీస్ రిక్వెస్ట్
New registrations,కొత్త రిజిస్ట్రేషన్లు
New serials,కొత్త సీరియల్‌లు
No,కాదు
No - under warranty,కాదు - వారంటీలో ఉంది
No Discharge,డిశ్చార్జ్ లేదు
No KUMAR invoice found for this pump - raise it first.,ఈ పంప్‌కు KUMAR ఇన్‌వాయిస్ కనిపించలేదు - ముందు దాన్ని జారీ చేయండి.
No Load Current (A),నో లోడ్ కరెంట్ (A)
No dealer could be determined for your login,మీ లాగిన్‌కు డీలర్‌ను నిర్ణయించలేకపోయాం
No dealers match.,సరిపోలే డీలర్లు లేవు.
No earlier period to compare,పోల్చడానికి గత కాలం లేదు
No employees match.,సరిపోలే ఉద్యోగులు లేరు.
No invoices match.,సరిపోలే ఇన్‌వాయిస్‌లు లేవు.
No payroll has been run yet.,ఇంకా జీతాలు ప్రాసెస్ చేయలేదు.
No previous service requests for this pump.,ఈ పంప్‌కు ఇంతకుముందు సర్వీస్ రిక్వెస్ట్‌లు లేవు.
No pump found with serial number {0}. Check the nameplate and try again.,{0} సీరియల్ నంబర్‌తో పంప్ కనిపించలేదు. నేమ్‌ప్లేట్ చూసి మళ్ళీ ప్రయత్నించండి.
No pump with serial {0}. Check the nameplate.,{0} సీరియల్ ఉన్న పంప్ లేదు. నేమ్‌ప్లేట్ చూసి సరిచూడండి.
No sales in this period.,ఈ కాలంలో అమ్మకాలు లేవు.
No sales yet in this period.,ఈ కాలంలో ఇంకా అమ్మకాలు లేవు.
No serialised units on this entry.,ఈ ఎంట్రీలో సీరియల్ ఉన్న యూనిట్లు లేవు.
No supplier invoices match.,సరిపోలే సప్లయర్ ఇన్‌వాయిస్‌లు లేవు.
No warranties ending in the next 45 days.,వచ్చే 45 రోజుల్లో ముగిసే వారంటీలు లేవు.
No work orders match.,సరిపోలే వర్క్ ఆర్డర్‌లు లేవు.
Nobody was absent in this period.,ఈ కాలంలో ఎవరూ గైర్హాజరు కాలేదు.
Noise & Vibration,శబ్దం & వైబ్రేషన్
Noise (dB),శబ్దం (dB)
Not Registered,రిజిస్టర్ కాలేదు
Not a Defect,లోపం కాదు
Not due,గడువు రాలేదు
Not found,కనిపించలేదు
Not permitted,అనుమతి లేదు
Not sure,తెలియదు
Nothing expiring this month.,ఈ నెలలో ఏదీ ముగియడం లేదు.
Nothing in this period.,ఈ కాలంలో ఏమీ లేదు.
Nothing open. All your customers are looked after.,ఏదీ పెండింగ్‌లో లేదు. మీ కస్టమర్లందరినీ చూసుకున్నారు.
Nothing purchased in this period.,ఈ కాలంలో ఏమీ కొనలేదు.
Nothing was built in this period.,ఈ కాలంలో ఏమీ తయారు కాలేదు.
OUT OF SPEC: {0},స్పెక్ దాటింది: {0}
On-Site,ఇంటి వద్ద
Onboarding Date,చేర్చిన తేదీ
"One catalogue model, e.g. KSMB50P3(4x3). Specs here drive warranty and test limits.","ఒక కేటలాగ్ మోడల్, ఉదా. KSMB50P3(4x3). ఇక్కడి స్పెక్‌లే వారంటీ మరియు టెస్ట్ పరిమితులను నిర్ణయిస్తాయి."
One furnace melt. Chemistry is checked before pouring - this is the root of backward traceability.,ఒక ఫర్నేస్ మెల్ట్. పోయడానికి ముందే రసాయన కూర్పు తనిఖీ చేస్తారు - వెనక్కి ట్రేస్ చేయడానికి ఇదే మూలం.
One stator winding lot. Carried onto every serial built from it.,ఒక స్టేటర్ వైండింగ్ లాట్. దీని నుండి తయారైన ప్రతి సీరియల్‌కూ ఇది జోడించబడుతుంది.
Ongoing,కొనసాగుతోంది
Only a Quality Engineer can approve an out-of-spec heat,స్పెక్ దాటిన హీట్‌ను క్వాలిటీ ఇంజనీర్ మాత్రమే ఆమోదించగలరు
Only the rows that passed the check are written. Re-running is safe - a serial that already exists is left alone.,తనిఖీలో పాస్ అయిన వరుసలు మాత్రమే సేవ్ అవుతాయి. మళ్ళీ రన్ చేయడం సురక్షితం - ఇప్పటికే ఉన్న సీరియల్‌ను ముట్టుకోము.
Open,తెరిచి ఉంది
Open Attendance,హాజరు తెరువు
Open Complaints,తెరిచి ఉన్న ఫిర్యాదులు
Open Dealer Tree,డీలర్ వృక్షాన్ని తెరువు
Open Purchase Order List,పర్చేజ్ ఆర్డర్ జాబితా తెరువు
Open Requests,తెరిచి ఉన్న రిక్వెస్ట్‌లు
Open Requisitions,తెరిచి ఉన్న రిక్విజిషన్లు
Open Salary Slips,జీతం స్లిప్‌లు తెరువు
Open Sales Invoice List,సేల్స్ ఇన్‌వాయిస్ జాబితా తెరువు
Open Serial,సీరియల్ తెరువు
Open Work Order List,వర్క్ ఆర్డర్ జాబితా తెరువు
Open complaints,తెరిచి ఉన్న ఫిర్యాదులు
Open the ERP,ERP తెరవండి
Open the reconciliation report to see what is still unaccounted for,ఇంకా లెక్కలోకి రాని వాటిని చూడటానికి సరిపోలిక రిపోర్టును తెరవండి
Openwell Submersible Pumps,ఓపెన్‌వెల్ సబ్‌మెర్సిబుల్ పంపులు
Operation,ఆపరేషన్
Operator,ఆపరేటర్
Or type / scan the serial,లేదా సీరియల్ టైప్ చేయండి / స్కాన్ చేయండి
Order,ఆర్డర్
Order to Invoice,ఆర్డర్ నుండి ఇన్‌వాయిస్ వరకు
Ordered,ఆర్డర్ చేయబడింది
"Ordered, not received","ఆర్డర్ చేశాం, రాలేదు"
Orders,ఆర్డర్‌లు
Orders Placed,ఇచ్చిన ఆర్డర్‌లు
Orders Still Open,ఇంకా తెరిచి ఉన్న ఆర్డర్‌లు
Other,ఇతర
Other Pumps From This Batch,ఈ బ్యాచ్ నుండి తయారైన ఇతర పంపులు
"Our invoice. On a direct sale this IS the customer's invoice; through a dealer it is the invoice that sold the pump TO the dealer, kept for traceability only.","మన ఇన్‌వాయిస్. నేరుగా అమ్మినప్పుడు ఇదే కస్టమర్ ఇన్‌వాయిస్; డీలర్ ద్వారా అయితే ఇది డీలర్‌కు పంప్ అమ్మిన ఇన్‌వాయిస్, ట్రేసబిలిటీ కోసమే ఉంచుతాం."
Ours,మనవి
Out of warranty - chargeable,వారంటీ లేదు - ఛార్జీ ఉంటుంది
Out-of-Spec Override Reason,స్పెక్ దాటినా ఆమోదించిన కారణం
Outlet,అవుట్‌లెట్
Output,ఉత్పత్తి
Output by Shift,షిఫ్ట్ వారీ ఉత్పత్తి
Outstanding,బాకీ
Oven Temp (C),ఓవెన్ ఉష్ణోగ్రత (C)
Over Our Counter,మన కౌంటర్ మీద
Overall Result,మొత్తం ఫలితం
"PF, ESI and taxes","PF, ESI మరియు పన్నులు"
Packing Slip,ప్యాకింగ్ స్లిప్
Paid,చెల్లించబడింది
Painting & Packing,పెయింటింగ్ & ప్యాకింగ్
Parent Dealer,పేరెంట్ డీలర్
Part,పార్ట్
Part Replacement,పార్ట్ రిప్లేస్‌మెంట్
Parts,పార్ట్‌లు
Parts Used,వాడిన పార్ట్‌లు
Pass,పాస్
Passed,పాస్ అయింది
Passed + rejected ({0}) cannot exceed the quantity produced ({1}),పాస్ + తిరస్కరించినవి ({0}) తయారైన పరిమాణం ({1}) కంటే ఎక్కువ ఉండకూడదు
Payable,చెల్లించాల్సినది
Payable Ageing,చెల్లించాల్సిన బాకీల వయస్సు
Payable {0},చెల్లించాల్సినది {0}
Payment Entry,పేమెంట్ ఎంట్రీ
Payroll Runs,జీతాల రన్‌లు
Payroll for {0},{0} జీతాలు
Pending Claims,పెండింగ్ క్లెయిమ్‌లు
People,సిబ్బంది
People & Payroll,సిబ్బంది & జీతాలు
"People at Work, by Day",రోజువారీ పనికి వచ్చిన సిబ్బంది
Per person per month,ఒక్కరికి నెలకు
"Per pump, net of tax","పంప్‌కు, పన్ను మినహాయించి"
"Per-unit test record. On submit it stamps QC status on the Serial No, which gates dispatch.","ప్రతి యూనిట్‌కు ఒక టెస్ట్ రికార్డు. సబ్మిట్ చేసినప్పుడు సీరియల్ నంబర్ మీద QC స్థితిని ముద్రిస్తుంది, అదే డిస్పాచ్‌ను నియంత్రిస్తుంది."
Performance,పనితీరు
Performance Curve,పనితీరు కర్వ్
Performance Duty Points,పనితీరు డ్యూటీ పాయింట్లు
Performance Testing,పనితీరు పరీక్ష
Phase,ఫేజ్
Photo 1,ఫోటో 1
Photo 2,ఫోటో 2
Pick the pump you sold,మీరు అమ్మిన పంప్‌ను ఎంచుకోండి
Pincode,పిన్‌కోడ్
Piston Pumps,పిస్టన్ పంపులు
Planned,ప్లాన్ చేయబడింది
Planned Start,ప్లాన్ చేసిన ప్రారంభం
Plant,ప్లాంట్
Please log in to use the dealer portal,డీలర్ పోర్టల్ వాడటానికి లాగిన్ అవ్వండి
"Plot 9-14 &amp; 17-24, Industrial Estate, Sultanabad,","ప్లాట్ 9-14 &amp; 17-24, ఇండస్ట్రియల్ ఎస్టేట్, సుల్తానాబాద్,"
Portal User,పోర్టల్ యూజర్
Print,ప్రింట్
Print Certificate,సర్టిఫికెట్ ప్రింట్ చేయి
Print Warranty Certificate,వారంటీ సర్టిఫికెట్ ప్రింట్ చేయి
Print this on the nameplate. A phone camera opens the warranty page.,దీన్ని నేమ్‌ప్లేట్ మీద ప్రింట్ చేయండి. ఫోన్ కెమెరాతో వారంటీ పేజీ తెరుచుకుంటుంది.
Priority,ప్రాధాన్యత
Produced,ఉత్పత్తి అయింది
"Product family, e.g. Submersible Pumps. Drives the default warranty period.","ఉత్పత్తి కుటుంబం, ఉదా. సబ్‌మెర్సిబుల్ పంపులు. డిఫాల్ట్ వారంటీ కాలాన్ని ఇది నిర్ణయిస్తుంది."
Product range,ఉత్పత్తి శ్రేణి
Production,ఉత్పత్తి
Production Manager,ప్రొడక్షన్ మేనేజర్
Production Plan,ఉత్పత్తి ప్రణాళిక
Production Planning Report,ఉత్పత్తి ప్రణాళిక రిపోర్టు
Profit and Loss Statement,లాభ నష్టాల నివేదిక
Proof of Purchase,కొనుగోలు రుజువు
Pump Category,పంప్ కేటగిరీ
Pump Lookup,పంప్ వివరాలు
Pump Model,పంప్ మోడల్
Pump Model Spec Point,పంప్ మోడల్ స్పెక్ పాయింట్
Pump Model {0} does not exist,{0} పంప్ మోడల్ లేదు
Pump Registration,పంప్ రిజిస్ట్రేషన్
Pump Snapshot,పంప్ వివరాలు
Pump Test Certificate,పంప్ టెస్ట్ సర్టిఫికెట్
Pumps & Motors,పంపులు & మోటార్లు
Pumps &amp; Motors,పంపులు &amp; మోటార్లు
Pumps From This Heat,ఈ హీట్ నుండి తయారైన పంపులు
Pumps Registered,రిజిస్టర్ అయిన పంపులు
Pumps Sold,అమ్ముడైన పంపులు
Pumps Still in Warranty,ఇంకా వారంటీలో ఉన్న పంపులు
Pumps and motors begin under the KUMAR brand,"KUMAR బ్రాండ్ కింద పంపులు, మోటార్ల ఉత్పత్తి ప్రారంభం"
Pumps on hand right now,ఇప్పుడు చేతిలో ఉన్న పంపులు
Pumps sold each week,వారానికి అమ్ముడైన పంపులు
Pumps sold in the last 30 days,గత 30 రోజుల్లో అమ్ముడైన పంపులు
Pumps you sold,మీరు అమ్మిన పంపులు
Purchase,కొనుగోలు
Purchase Analytics,కొనుగోళ్ల విశ్లేషణ
Purchase Invoice,పర్చేజ్ ఇన్‌వాయిస్
Purchase Order,పర్చేజ్ ఆర్డర్
Purchase Receipt,పర్చేజ్ రిసీట్
Purchase Spend,కొనుగోలు ఖర్చు
QC Not Passed,QC పాస్ కాలేదు
QC Status,QC స్థితి
QC Status must be one of {0},QC స్థితి {0} లో ఒకటిగా ఉండాలి
QC {0} - serial marked {1},QC {0} - సీరియల్ {1} గా గుర్తించబడింది
QR Base URL,QR బేస్ URL
QR Code,QR కోడ్
QR URL,QR URL
QR for {0},{0} కోసం QR
Qty,పరిమాణం
Qty Passed,పాస్ అయిన పరిమాణం
Qty Produced,తయారైన పరిమాణం
Qty Rejected,తిరస్కరించిన పరిమాణం
Quality Engineer,క్వాలిటీ ఇంజనీర్
"Quality is a process, not a promise","నాణ్యత ఒక ప్రక్రియ, కేవలం మాట కాదు"
Quantity,పరిమాణం
Quantity must be at least 1,పరిమాణం కనీసం 1 ఉండాలి
Quotation,కొటేషన్
RPM,RPM
Raise Complaint,ఫిర్యాదు నమోదు చేయి
Raise a Complaint,ఫిర్యాదు నమోదు చేయండి
Raise a Warranty Claim,వారంటీ క్లెయిమ్ నమోదు చేయండి
Raised this period,ఈ కాలంలో వచ్చినవి
Range too wide,కాల పరిధి చాలా పెద్దది
Rate,ధర
Rating,రేటింగ్
"Reads the file back and reports every problem, row by row. Nothing is written.","ఫైల్‌ను తిరిగి చదివి, వరుస వరుసగా ప్రతి సమస్యను చెబుతుంది. ఏదీ సేవ్ కాదు."
Ready,సిద్ధం
Receivable,రావాల్సిన మొత్తం
Receivable Ageing,రావాల్సిన బాకీల వయస్సు
Received,అందింది
"Received, not invoiced","వచ్చింది, బిల్లు రాలేదు"
Recent Registrations,ఇటీవలి రిజిస్ట్రేషన్లు
"Record the heat number and winding batch on this card at the point of use, and enter them into the system at final assembly. Every finished pump must carry a serial number before it leaves the test bay.","హీట్ నంబర్ మరియు వైండింగ్ బ్యాచ్‌ను ఉపయోగించే చోటే ఈ కార్డు మీద రాయండి, ఫైనల్ అసెంబ్లీ దగ్గర సిస్టమ్‌లో నమోదు చేయండి. టెస్ట్ బే నుండి బయటకు వెళ్ళే ముందు ప్రతి పంప్‌కు సీరియల్ నంబర్ ఉండాలి."
Record why {0} stators were rejected,{0} స్టేటర్లు ఎందుకు తిరస్కరించారో నమోదు చేయండి
Refresh,రిఫ్రెష్
Register & Get Warranty Certificate,రిజిస్టర్ చేసి వారంటీ సర్టిఫికెట్ పొందండి
Register Pump,పంప్ రిజిస్టర్ చేయి
Register Sale,అమ్మకం నమోదు చేయి
Register a Pump,పంప్ రిజిస్టర్ చేయండి
Register a Pump You Have Sold,మీరు అమ్మిన పంప్‌ను రిజిస్టర్ చేయండి
Register a Sale,అమ్మకాన్ని నమోదు చేయండి
Registered By,రిజిస్టర్ చేసినవారు
Registered {0} pump(s) and started their warranty.,{0} పంప్(లు) రిజిస్టర్ చేసి వారంటీ మొదలుపెట్టాం.
"Registered, All Time",మొత్తం రిజిస్టర్ చేసినవి
Registering is what starts the warranty and produces the certificate in KUMAR's name.,రిజిస్టర్ చేయడమే వారంటీని మొదలుపెడుతుంది మరియు KUMAR పేరుతో సర్టిఫికెట్ తయారు చేస్తుంది.
Registering...,రిజిస్టర్ అవుతోంది...
Registration,రిజిస్ట్రేషన్
Registrations,రిజిస్ట్రేషన్లు
Rejected,తిరస్కరించబడింది
Rejection Reason,తిరస్కరణ కారణం
Remarks,వ్యాఖ్యలు
Repair Reimbursement,మరమ్మతు ఖర్చు చెల్లింపు
Repeat Failure,పునరావృత లోపం
Repeat Failure Window (Days),పునరావృత లోపం కాలం (రోజులు)
Repeat failure - reported more than once recently,పునరావృత లోపం - ఇటీవల ఒకటికి మించి సార్లు ఫిర్యాదు వచ్చింది
Repeat failure: this pump has been reported more than once recently.,పునరావృత లోపం: ఇటీవల ఈ పంప్ మీద ఒకటికి మించి సార్లు ఫిర్యాదు వచ్చింది.
Reported,ఫిర్యాదు తేదీ
Reported On,ఫిర్యాదు తేదీ
Reports,రిపోర్టులు
Reports & Masters,రిపోర్టులు & మాస్టర్లు
Request,రిక్వెస్ట్
Required to approve a heat with any element out of spec,ఏదైనా మూలకం స్పెక్ దాటినప్పుడు హీట్‌ను ఆమోదించాలంటే ఇది తప్పనిసరి
Resolution,పరిష్కారం
Resolution Due,పరిష్కార గడువు
Resolution Hours,పరిష్కార గంటలు
Resolution Summary,పరిష్కార సారాంశం
Resolved,పరిష్కరించబడింది
Resolved On,పరిష్కరించిన తేదీ
Responded,స్పందించారు
Response Due,స్పందన గడువు
Response Hours,స్పందన గంటలు
Result,ఫలితం
Revenue,ఆదాయం
Revenue by Day,రోజువారీ ఆదాయం
Revenue by Pump Category,పంప్ కేటగిరీ వారీ ఆదాయం
Rework,రీవర్క్
Root Cause,మూల కారణం
Rotor Batch,రోటర్ బ్యాచ్
Rotor Type,రోటర్ రకం
Round,గుండ్రం
Route Card / Traveller,రూట్ కార్డ్ / ట్రావెలర్
Routing,రూటింగ్
Row,వరుస
Rows read,చదివిన వరుసలు
SLA,SLA
SLA Breaches,SLA ఉల్లంఘనలు
SLA Compliance,SLA పాలన
SLA Status,SLA స్థితి
SMS Enabled,SMS ఆన్
Salary Slip,జీతం స్లిప్
Salary Structure,జీతం నిర్మాణం
Sale Channel,అమ్మకం మార్గం
Sale Date,అమ్మిన తేదీ
Sale date cannot be in the future,అమ్మిన తేదీ భవిష్యత్తులో ఉండకూడదు
Sale date is in the future,అమ్మిన తేదీ భవిష్యత్తులో ఉంది
Sale date {0} is before the pump was manufactured ({1}),అమ్మిన తేదీ {0} పంప్ తయారైన తేదీ ({1}) కంటే ముందుంది
Sale date {0} is not a date,అమ్మిన తేదీ {0} సరైన తేదీ కాదు
Sale to End Customer,చివరి కస్టమర్‌కు అమ్మకం
Sales,అమ్మకాలు
Sales & Registration,అమ్మకాలు & రిజిస్ట్రేషన్
Sales Analytics,అమ్మకాల విశ్లేషణ
Sales Invoice,సేల్స్ ఇన్‌వాయిస్
"Sales Invoice {0} is not in ERPNext. A direct sale links to a real invoice - import the old invoices first, or route this row through the dealer channel.","{0} సేల్స్ ఇన్‌వాయిస్ ERPNext లో లేదు. నేరుగా అమ్మకం నిజమైన ఇన్‌వాయిస్‌తో లింక్ అవ్వాలి - ముందు పాత ఇన్‌వాయిస్‌లను ఇంపోర్ట్ చేయండి, లేదా ఈ వరుసను డీలర్ మార్గం ద్వారా పంపండి."
Sales Order,సేల్స్ ఆర్డర్
Sales by Dealer Tier,డీలర్ స్థాయి వారీ అమ్మకాలు
Sales value,అమ్మకాల విలువ
Sales value {0},అమ్మకాల విలువ {0}
Sales/service network. Self-referencing tree: Branch -> Distributor -> Dealer -> Sub-Dealer.,అమ్మకాలు/సర్వీస్ నెట్‌వర్క్. బ్రాంచ్ -> డిస్ట్రిబ్యూటర్ -> డీలర్ -> సబ్-డీలర్ అనే వృక్ష నిర్మాణం.
Same as the period before,గత కాలంలో ఉన్నట్లే
Scan,స్కాన్
Scan Serial,సీరియల్ స్కాన్ చేయి
Scan Serial / Batch,సీరియల్ / బ్యాచ్ స్కాన్ చేయి
"Scan or type a serial number, then press Enter",సీరియల్ నంబర్ స్కాన్ చేయండి లేదా టైప్ చేసి Enter నొక్కండి
Scan to verify warranty status,వారంటీ స్థితి చూడటానికి స్కాన్ చేయండి
Scanned {0},{0} స్కాన్ చేయబడింది
Seal Failure,సీల్ లోపం
Search,వెతకండి
Self-Priming Monobloc,సెల్ఫ్-ప్రైమింగ్ మోనోబ్లాక్
Selling / Silent,అమ్ముతున్నవారు / మౌనంగా ఉన్నవారు
Send to KUMAR,KUMAR కు పంపండి
Sending...,పంపుతోంది...
Serial,సీరియల్
Serial Format (regex),సీరియల్ ఫార్మాట్ (regex)
Serial Genealogy,సీరియల్ వంశవృక్షం
Serial No,సీరియల్ నంబర్
Serial No Ledger,సీరియల్ నంబర్ లెడ్జర్
Serial Number,సీరియల్ నంబర్
Serial and Batch Bundle,సీరియల్ మరియు బ్యాచ్ బండిల్
Serial number is required,సీరియల్ నంబర్ తప్పనిసరి
Serial number {0} does not exist,{0} సీరియల్ నంబర్ లేదు
Serial number {0} not found,{0} సీరియల్ నంబర్ కనిపించలేదు
Serial {0} appears twice in this file,{0} సీరియల్ ఈ ఫైల్‌లో రెండుసార్లు ఉంది
Serial {0} is already registered ({1}).,{0} సీరియల్ ఇప్పటికే రిజిస్టర్ అయింది ({1}).
Serial {0} is already registered under {1}. Amend that registration instead.,{0} సీరియల్ ఇప్పటికే {1} కింద రిజిస్టర్ అయింది. దాన్నే సవరించండి.
Serial {0} is not a KUMAR pump we have any record of.,{0} సీరియల్ మా రికార్డులో ఉన్న KUMAR పంప్ కాదు.
"Serial, customer, mobile or ticket number","సీరియల్, కస్టమర్, మొబైల్ లేదా టికెట్ నంబర్"
Serials created,సృష్టించిన సీరియల్‌లు
Series,సిరీస్
Service,సర్వీస్
Service Centre,సర్వీస్ సెంటర్
Service Centre / Dealer,సర్వీస్ సెంటర్ / డీలర్
Service Desk,సర్వీస్ డెస్క్
Service History,సర్వీస్ చరిత్ర
Service Job Card,సర్వీస్ జాబ్ కార్డ్
Service Manager,సర్వీస్ మేనేజర్
Service Part Used,వాడిన సర్వీస్ పార్ట్
Service Request,సర్వీస్ రిక్వెస్ట్
Service SLA,సర్వీస్ SLA
Service Technician,సర్వీస్ టెక్నీషియన్
Service Visit,సర్వీస్ సందర్శన
Service centre,సర్వీస్ సెంటర్
Service request assigned: {0},సర్వీస్ రిక్వెస్ట్ కేటాయించబడింది: {0}
Set automatically from the outlet. Change it only if the paperwork really went the other way.,అవుట్‌లెట్ ఆధారంగా ఆటోమేటిక్‌గా పెట్టబడుతుంది. కాగితాలు నిజంగా వేరే విధంగా ఉన్నప్పుడే మార్చండి.
Set automatically from warranty status; override if needed,వారంటీ స్థితి ఆధారంగా ఆటోమేటిక్‌గా పెట్టబడుతుంది; అవసరమైతే మార్చవచ్చు
"Set the Dealer as well, otherwise there is nobody to register the pumps against.","డీలర్‌ను కూడా పెట్టండి, లేకపోతే పంపులను ఎవరి పేరుతో రిజిస్టర్ చేయాలో తెలియదు."
Settings,సెట్టింగ్‌లు
Settled On,సెటిల్ చేసిన తేదీ
"Shafts and rotors ground to micron precision, then balanced - which is what keeps bearings alive.","షాఫ్ట్‌లు, రోటర్లను మైక్రాన్ కచ్చితత్వంతో గ్రైండ్ చేసి బ్యాలెన్స్ చేస్తాం - బేరింగ్‌లు ఎక్కువ కాలం మన్నడానికి ఇదే కారణం."
Shift,షిఫ్ట్
Shift {0},షిఫ్ట్ {0}
Shortcuts,షార్ట్‌కట్‌లు
Show QR,QR చూపు
Showing all {0},మొత్తం {0} చూపుతోంది
Showing {0} of {1},{1} లో {0} చూపుతోంది
Sign / QC,సంతకం / QC
Signature,సంతకం
Since 1971,1971 నుండి
Single Phase,సింగిల్ ఫేజ్
Single Stage,సింగిల్ స్టేజ్
Slips,స్లిప్‌లు
Sold,అమ్ముడైంది
Sold By,అమ్మినవారు
Sold Nothing This Period,ఈ కాలంలో ఏమీ అమ్మలేదు
Sold On,అమ్మిన తేదీ
Sold Prev Period,గత కాలంలో అమ్ముడైనవి
"Sold on {0}, before it was built on {1}","{0} న అమ్మారు, కానీ తయారైంది {1} న"
Source,మూలం
Spec Max,స్పెక్ గరిష్ఠం
Spec Min,స్పెక్ కనిష్ఠం
Spectro Readings,స్పెక్ట్రో రీడింగ్‌లు
Spectrometer Analysis (before pouring),స్పెక్ట్రోమీటర్ విశ్లేషణ (పోయడానికి ముందు)
Speed (RPM),వేగం (RPM)
Spend,ఖర్చు
Spend by Day,రోజువారీ ఖర్చు
Spend by Material Type,మెటీరియల్ రకం వారీ ఖర్చు
Square,చతురస్రం
Sri Lakshmi Ganapathi Engineering Works,శ్రీ లక్ష్మీ గణపతి ఇంజనీరింగ్ వర్క్స్
Sri Lakshmi Ganapathi Engineering Works founded at Tenali,తెనాలిలో శ్రీ లక్ష్మీ గణపతి ఇంజనీరింగ్ వర్క్స్ స్థాపన
"Sri Lakshmi Ganapathi Engineering Works, Tenali","శ్రీ లక్ష్మీ గణపతి ఇంజనీరింగ్ వర్క్స్, తెనాలి"
Stage Type,స్టేజ్ రకం
Stainless Steel,స్టెయిన్‌లెస్ స్టీల్
Standard,ప్రమాణం
Start,ప్రారంభం
Start the warranty and print the customer's certificate.,వారంటీ మొదలుపెట్టి కస్టమర్ సర్టిఫికెట్ ప్రింట్ చేయండి.
State,రాష్ట్రం
Static Water Level (ft),నీటి మట్టం (అడుగులు)
Stators,స్టేటర్లు
Stators Wound by Day,రోజువారీ వైండ్ చేసిన స్టేటర్లు
Status,స్థితి
Still Open,ఇంకా తెరిచి ఉన్నవి
Still to pay suppliers,సప్లయర్లకు ఇంకా చెల్లించాల్సినది
Stock Ageing,స్టాక్ వయస్సు
Stock Balance,స్టాక్ నిల్వ
Stock Entry,స్టాక్ ఎంట్రీ
Stock Item,స్టాక్ ఐటమ్
Stock Ledger,స్టాక్ లెడ్జర్
Stock Masters,స్టాక్ మాస్టర్లు
Stock Projected Qty,అంచనా స్టాక్ పరిమాణం
Stock Reconciliation,స్టాక్ సరిచూపు
Stock Reports,స్టాక్ రిపోర్టులు
Stock Transactions,స్టాక్ లావాదేవీలు
Stock vs Registration Reconciliation,స్టాక్ మరియు రిజిస్ట్రేషన్ సరిపోలిక
Sub-Dealer,సబ్-డీలర్
Submersible Pumps,సబ్‌మెర్సిబుల్ పంపులు
Suction Size (inch),సక్షన్ సైజు (అంగుళం)
Supplier,సప్లయర్
Suppliers,సప్లయర్లు
Supply,సప్లై
Supply Voltage (V),సప్లై వోల్టేజ్ (V)
Suspended,తాత్కాలికంగా నిలిపివేయబడింది
System Manager,సిస్టమ్ మేనేజర్
Tapping Temp (C),టాపింగ్ ఉష్ణోగ్రత (C)
Target Grade,లక్ష్య గ్రేడ్
Technician,టెక్నీషియన్
Technician Name,టెక్నీషియన్ పేరు
Technician Productivity,టెక్నీషియన్ ఉత్పాదకత
Technician Report,టెక్నీషియన్ నివేదిక
Technicians,టెక్నీషియన్లు
Telephonic,ఫోన్ ద్వారా
Tenali,తెనాలి
"Tenali - 522202, Guntur Dist., Andhra Pradesh","తెనాలి - 522202, గుంటూరు జిల్లా, ఆంధ్రప్రదేశ్"
Terminated,రద్దు చేయబడింది
Territory,ప్రాంతం
Test & Dispatch,టెస్ట్ & డిస్పాచ్
Test Bench,టెస్ట్ బెంచ్
Test Certificate,టెస్ట్ సర్టిఫికెట్
Test Date,టెస్ట్ తేదీ
Test Duty Point,టెస్ట్ డ్యూటీ పాయింట్
Test Pass Rate,టెస్ట్ పాస్ రేటు
Test Result,టెస్ట్ ఫలితం
Tested,టెస్ట్ చేయబడింది
Tested By,టెస్ట్ చేసినవారు
The day the END CUSTOMER got the pump - this starts the warranty.,చివరి కస్టమర్‌కు పంప్ అందిన రోజు - వారంటీ ఇక్కడి నుండే మొదలవుతుంది.
The dealer's invoice ({0}) is dated after the sale ({1}).,డీలర్ ఇన్‌వాయిస్ తేదీ ({0}) అమ్మకం తేదీ ({1}) తర్వాత ఉంది.
"The dealer's own invoice to the customer, on the dealer's letterhead and GSTIN. We never raise this - we only record it, because it is the customer's proof of purchase when a claim comes in.",డీలర్ తన లెటర్‌హెడ్ మరియు GSTIN మీద కస్టమర్‌కు ఇచ్చిన సొంత ఇన్‌వాయిస్. దీన్ని మనం జారీ చేయము - క్లెయిమ్ వచ్చినప్పుడు కస్టమర్ కొనుగోలుకు ఇదే రుజువు కాబట్టి నమోదు మాత్రమే చేస్తాం.
The last pumps you registered,మీరు చివరగా రిజిస్టర్ చేసిన పంపులు
The last pumps you registered. The certificate is what you owe the customer.,మీరు చివరగా రిజిస్టర్ చేసిన పంపులు. సర్టిఫికెట్ కస్టమర్‌కు మీరు ఇవ్వాల్సినది.
The login this dealer uses. Row-level access is derived from this.,ఈ డీలర్ వాడే లాగిన్. ఏ రికార్డులు కనిపిస్తాయో ఇదే నిర్ణయిస్తుంది.
Their warranty ends soon - a good moment to offer a service or a new pump,వారి వారంటీ త్వరలో ముగుస్తుంది - సర్వీస్ లేదా కొత్త పంప్ చెప్పడానికి ఇది మంచి సమయం
Thermoplastic,థర్మోప్లాస్టిక్
These elements are out of spec: {0}. A Quality Engineer must record an override reason to approve anyway.,ఈ మూలకాలు స్పెక్ దాటాయి: {0}. అయినా ఆమోదించాలంటే క్వాలిటీ ఇంజనీర్ ఒక కారణాన్ని నమోదు చేయాలి.
These units cannot be dispatched until their Pump Test Certificate passes:<ul>{0}</ul>,పంప్ టెస్ట్ సర్టిఫికెట్ పాస్ అయ్యేవరకు ఈ యూనిట్లను పంపడం కుదరదు:<ul>{0}</ul>
This Financial Year,ఈ ఆర్థిక సంవత్సరం
This Month,ఈ నెల
This Quarter,ఈ త్రైమాసికం
This entry produced {0} serialised unit(s) but consumed no traceable batches. Genealogy for these units will be incomplete.,ఈ ఎంట్రీ {0} సీరియల్ యూనిట్(ల)ను తయారు చేసింది కానీ ట్రేస్ చేయగల బ్యాచ్‌లు ఏవీ వాడలేదు. ఈ యూనిట్ల వంశవృక్షం అసంపూర్ణంగా ఉంటుంది.
This pump has not been registered yet. Ask your dealer to register the sale so your warranty starts.,ఈ పంప్ ఇంకా రిజిస్టర్ కాలేదు. వారంటీ మొదలవ్వాలంటే అమ్మకాన్ని రిజిస్టర్ చేయమని మీ డీలర్‌ను అడగండి.
"This table is not a brochure page - it is the live catalogue the factory raises work orders against. Change a model here and the warranty period, the test limits and the dealer's registration form all follow.","ఇది బ్రోచర్ పేజీ కాదు - ఫ్యాక్టరీ వర్క్ ఆర్డర్‌లు ఇచ్చే సజీవ కేటలాగ్ ఇది. ఇక్కడ ఒక మోడల్ మార్చితే వారంటీ కాలం, టెస్ట్ పరిమితులు, డీలర్ రిజిస్ట్రేషన్ ఫారం - అన్నీ దానితో పాటే మారుతాయి."
This unit has been tested in accordance with the referenced Bureau of Indian Standards specification before dispatch. Readings are recorded at the test bench under stated supply conditions.,"ఈ యూనిట్‌ను పంపే ముందు, పైన పేర్కొన్న బ్యూరో ఆఫ్ ఇండియన్ స్టాండర్డ్స్ ప్రమాణం ప్రకారం పరీక్షించారు. ఇక్కడి రీడింగ్‌లు తెలిపిన సప్లై పరిస్థితుల్లో టెస్ట్ బెంచ్ మీద నమోదు చేసినవి."
This unit's QC status is {0}. Check with the plant before selling it.,ఈ యూనిట్ QC స్థితి {0}. అమ్మే ముందు ప్లాంట్‌ను అడిగి నిర్ధారించుకోండి.
Three Phase,త్రీ ఫేజ్
Through Dealer - Dealer's Own Invoice,డీలర్ ద్వారా - డీలర్ సొంత ఇన్‌వాయిస్
Through Dealers,డీలర్ల ద్వారా
"Tick for a branch or showroom KUMAR owns: its sale to the end customer is a KUMAR invoice in our own books. Leave clear for an independent firm - it buys from us on our invoice, then raises its own invoice to the customer, which never enters our books.","KUMAR సొంత బ్రాంచ్ లేదా షోరూమ్ అయితే టిక్ చేయండి: దాని అమ్మకానికి మన పుస్తకాల్లోనే KUMAR ఇన్‌వాయిస్ ఉంటుంది. స్వతంత్ర సంస్థ అయితే ఖాళీగా వదిలేయండి - అది మన ఇన్‌వాయిస్ మీద మన నుండి కొని, కస్టమర్‌కు తన సొంత ఇన్‌వాయిస్ ఇస్తుంది; అది మన పుస్తకాల్లోకి రాదు."
Today's Visits,ఈ రోజు సందర్శనలు
Too many lookups from this address. Please wait a minute and try again.,ఈ చిరునామా నుండి చాలా ఎక్కువ ప్రయత్నాలు జరిగాయి. ఒక నిమిషం ఆగి మళ్ళీ ప్రయత్నించండి.
Top Customers,ముఖ్య కస్టమర్లు
Top Dealers,ముఖ్య డీలర్లు
Top Suppliers,ముఖ్య సప్లయర్లు
Top Ten This Period,ఈ కాలంలో టాప్ టెన్
Total Parts Value,మొత్తం పార్ట్‌ల విలువ
Trace Genealogy,వంశవృక్షాన్ని చూడు
Trace a Serial,ఒక సీరియల్‌ను ట్రేస్ చేయి
Traceability,ట్రేసబిలిటీ
Traceability (pulled from the serial),ట్రేసబిలిటీ (సీరియల్ నుండి తీసుకున్నది)
Traceability Gap,ట్రేసబిలిటీ లోటు
Tripping,ట్రిప్ అవుతోంది
Turns per Coil,కాయిల్‌కు చుట్లు
Type,రకం
Type any serial number and see its warranty status.,ఏ సీరియల్ నంబర్ అయినా టైప్ చేసి దాని వారంటీ స్థితి చూడండి.
UOM,కొలమానం
Under Warranty,వారంటీలో ఉంది
Units,యూనిట్లు
Units Built,తయారైన యూనిట్లు
Units Produced,తయారైన యూనిట్లు
Units Produced by Day,రోజువారీ తయారైన యూనిట్లు
Units Sold,అమ్ముడైన యూనిట్లు
Units Sold by Day,రోజువారీ అమ్ముడైన యూనిట్లు
Units delivered in this period,ఈ కాలంలో డెలివరీ అయిన యూనిట్లు
"Units per Day, by Channel",మార్గం వారీ రోజువారీ యూనిట్లు
Unknown model,మోడల్ తెలియదు
Unknown ticket type,టికెట్ రకం తెలియదు
Unregistered Stock,రిజిస్టర్ కాని స్టాక్
Used For,ఎందుకు వాడుతున్నారు
User,యూజర్
Valid From,చెల్లుబాటు ప్రారంభం
Valid Upto,చెల్లుబాటు ముగింపు
Value,విలువ
Value %,విలువ %
Varnish & Cure,వార్నిష్ & క్యూర్
Varnish Batch,వార్నిష్ బ్యాచ్
Varnishing & Curing,వార్నిషింగ్ & క్యూరింగ్
Vibration (mm/s),వైబ్రేషన్ (mm/s)
Vibration / Noise,వైబ్రేషన్ / శబ్దం
Village / Address,గ్రామం / చిరునామా
Visit Date,సందర్శన తేదీ
Visit Type,సందర్శన రకం
Void,చెల్లదు
Voltage Fluctuation,వోల్టేజ్ హెచ్చుతగ్గులు
Voltage Range,వోల్టేజ్ పరిధి
WARRANTY EXPIRED on {0} - this service is chargeable,{0} న వారంటీ ముగిసింది - ఈ సర్వీస్‌కు ఛార్జీ ఉంటుంది
Wage Bill by Department,విభాగం వారీ జీతాల బిల్లు
Wage bill {0},జీతాల బిల్లు {0}
Warehouse,వేర్‌హౌస్
Warranties ending soon,త్వరలో ముగుస్తున్న వారంటీలు
Warranty,వారంటీ
Warranty (Months),వారంటీ (నెలలు)
Warranty Approver,వారంటీ ఆమోదకుడు
Warranty Card No,వారంటీ కార్డు నంబర్
Warranty Certificate,వారంటీ సర్టిఫికెట్
Warranty Check,వారంటీ తనిఖీ
Warranty Claim,వారంటీ క్లెయిమ్
Warranty Claims,వారంటీ క్లెయిమ్‌లు
Warranty Cost,వారంటీ ఖర్చు
Warranty Cost Analysis,వారంటీ ఖర్చు విశ్లేషణ
Warranty Expiring (30d),వారంటీ ముగింపు (30 రోజులు)
Warranty Expiring 30d,30 రోజుల్లో ముగుస్తున్న వారంటీ
Warranty Expiring Soon,త్వరలో ముగియనున్న వారంటీ
Warranty Expiring in 30 Days,30 రోజుల్లో ముగుస్తున్న వారంటీ
Warranty Expiry,వారంటీ ముగింపు
Warranty Lookup,వారంటీ వివరాలు
Warranty Period,వారంటీ కాలం
Warranty Reminder Days,వారంటీ రిమైండర్ రోజులు
Warranty Replacement,వారంటీ రిప్లేస్‌మెంట్
Warranty Start,వారంటీ ప్రారంభం
Warranty Starts From,వారంటీ ఎప్పటి నుండి
Warranty Upto,వారంటీ ముగింపు
Warranty Valid Upto,వారంటీ చెల్లుబాటు ముగింపు
Warranty job - not chargeable,వారంటీ పని - ఛార్జీ లేదు
Warranty started,వారంటీ మొదలైంది
Warranty {0} months - valid upto {1},వారంటీ {0} నెలలు - {1} వరకు చెల్లుతుంది
Water Quality,నీటి నాణ్యత
We have no record of that serial. Check the number on the nameplate.,ఆ సీరియల్ నంబర్ మా రికార్డులో లేదు. నేమ్‌ప్లేట్ మీద ఉన్న నంబర్‌ను సరిచూడండి.
Wear & Tear,అరుగుదల
Welcome back,తిరిగి స్వాగతం
What They Are Used For,వాటిని ఎందుకు వాడుతున్నారు
What We Bought,మనం కొన్నవి
What You Sell,మీరు అమ్మేవి
What is the problem,ఏం సమస్య
What is wrong,ఏం తప్పు ఉంది
What the plant builds,ప్లాంట్ ఏం తయారు చేస్తుంది
"What the technician actually did, what parts went in, and what it cost.","టెక్నీషియన్ నిజంగా ఏం చేశారు, ఏ పార్ట్‌లు వేశారు, ఖర్చు ఎంత అయింది."
"What was dismantled, what was found, and why it is a manufacturing defect","ఏం విప్పి చూశారు, ఏం కనిపించింది, ఇది తయారీ లోపం ఎందుకు అవుతుంది"
WhatsApp Enabled,WhatsApp ఆన్
Where the Pumps Went,పంపులు ఎక్కడికి వెళ్ళాయి
Who Sold Them,ఎవరు అమ్మారు
Whose Invoice,ఎవరి ఇన్‌వాయిస్
Winding,వైండింగ్
Winding Batch,వైండింగ్ బ్యాచ్
Winding Batch No,వైండింగ్ బ్యాచ్ నంబర్
Winding Batch Record,వైండింగ్ బ్యాచ్ రికార్డు
Winding Date,వైండింగ్ తేదీ
Winding Rejects,వైండింగ్ తిరస్కరణలు
Winding Resistance (ohm),వైండింగ్ రెసిస్టెన్స్ (ohm)
Wire Gauge,తీగ గేజ్
Wire Gauge (SWG),తీగ గేజ్ (SWG)
With problems,సమస్యలు ఉన్నవి
Within Spec,స్పెక్ లోపల
Work Done,చేసిన పని
Work Order,వర్క్ ఆర్డర్
Work Order Status,వర్క్ ఆర్డర్ స్థితి
Work Order Summary,వర్క్ ఆర్డర్ సారాంశం
Work Orders,వర్క్ ఆర్డర్‌లు
Workshop,వర్క్‌షాప్
Workstation,వర్క్‌స్టేషన్
Yes,అవును
You Owe KUMAR,మీరు KUMAR కు చెల్లించాల్సినది
You have not registered a pump yet. Use the blue button above.,మీరు ఇంకా ఏ పంప్‌ను రిజిస్టర్ చేయలేదు. పైన ఉన్న నీలం బటన్ వాడండి.
Your Invoice Date,మీ ఇన్‌వాయిస్ తేదీ
Your Invoice No,మీ ఇన్‌వాయిస్ నంబర్
Your Outlet,మీ అవుట్‌లెట్
Your branch office,మీ బ్రాంచ్ ఆఫీసు
"Your branch office, the service centre and head office.","మీ బ్రాంచ్ ఆఫీసు, సర్వీస్ సెంటర్ మరియు ప్రధాన కార్యాలయం."
Your login is not linked to a dealer record. Ask the branch office to set Portal User on your Dealer.,మీ లాగిన్ ఏ డీలర్ రికార్డుతోనూ అనుసంధానం కాలేదు. మీ డీలర్ రికార్డులో పోర్టల్ యూజర్ పెట్టమని బ్రాంచ్ ఆఫీసును అడగండి.
Your own branch office handles you. Head office is for anything they cannot settle.,మీ సొంత బ్రాంచ్ ఆఫీసే మీ పని చూస్తుంది. వారు పరిష్కరించలేని విషయాలకు ప్రధాన కార్యాలయం.
"Your own sales by product family, all time.",ఉత్పత్తి కుటుంబం వారీగా మీ మొత్తం అమ్మకాలు.
Your recent sales,మీ ఇటీవలి అమ్మకాలు
against {0} in the 30 days before that,అంతకు ముందు 30 రోజుల్లో {0} తో పోలిస్తే
catalogue models,కేటలాగ్ మోడల్‌లు
days,రోజులు
days left,రోజులు మిగిలాయి
"e.g. IS 8034, IS 9079, IS 7538","ఉదా. IS 8034, IS 9079, IS 7538"
"e.g. No water since two days, motor runs but nothing comes up","ఉదా. రెండు రోజుల నుండి నీరు రావడం లేదు, మోటార్ తిరుగుతోంది కానీ నీరు ఎక్కడం లేదు"
e.g. bearing seized,ఉదా. బేరింగ్ జామ్ అయింది
ends {0},{0} న ముగుస్తుంది
from the date you sell it,మీరు అమ్మిన తేదీ నుండి
group,గ్రూప్
months,నెలలు
never,ఎప్పుడూ లేదు
never sold,ఎప్పుడూ అమ్మలేదు
new,కొత్తది
of {0} selling outlets,అమ్ముతున్న {0} అవుట్‌లెట్లలో
on the 30 days before that,అంతకు ముందు 30 రోజుల్లో
product families,ఉత్పత్తి కుటుంబాలు
pumps under warranty now,ఇప్పుడు వారంటీలో ఉన్న పంపులు
states served,రాష్ట్రాలలో సేవలు
vs Prev,గత కాలంతో పోలిక
vs {0} before,గతంలో {0} తో పోలిస్తే
warranty to {0},వారంటీ {0} వరకు
years of manufacturing,సంవత్సరాల తయారీ అనుభవం
{0} - {1} at {2},"{0} - {1}, {2} వద్ద"
{0} KUMAR branches &middot; {1},{0} KUMAR బ్రాంచీలు &middot; {1}
{0} a day on average,రోజుకు సగటున {0}
"{0} completed, {1} on the floor","{0} పూర్తయ్యాయి, {1} ఇంకా జరుగుతున్నాయి"
{0} days left,{0} రోజులు మిగిలాయి
{0} days marked,{0} రోజులు నమోదు చేయబడ్డాయి
{0} fewer than the period before ({1}),గత కాలం కంటే {0} తక్కువ ({1})
{0} independent firms &middot; {1},{0} స్వతంత్ర సంస్థలు &middot; {1}
{0} invoices,{0} ఇన్‌వాయిస్‌లు
"{0} is a KUMAR outlet, so the KUMAR invoice number is required","{0} ఒక KUMAR అవుట్‌లెట్, కాబట్టి KUMAR ఇన్‌వాయిస్ నంబర్ తప్పనిసరి"
"{0} is a KUMAR outlet, so this sale needs the KUMAR invoice behind it, and none was found for serial {1}. Raise the invoice first.","{0} ఒక KUMAR అవుట్‌లెట్, కాబట్టి ఈ అమ్మకానికి KUMAR ఇన్‌వాయిస్ ఉండాలి, కానీ {1} సీరియల్‌కు అది కనిపించలేదు. ముందు ఇన్‌వాయిస్ జారీ చేయండి."
{0} is already the portal user for dealer {1},{0} ఇప్పటికే {1} డీలర్‌కు పోర్టల్ యూజర్‌గా ఉన్నారు
"{0} is an independent dealer, so the customer holds the DEALER's invoice, not ours. Enter its number.","{0} స్వతంత్ర డీలర్, కాబట్టి కస్టమర్ దగ్గర డీలర్ ఇన్‌వాయిస్ ఉంటుంది, మనది కాదు. దాని నంబర్ ఇవ్వండి."
"{0} is independent, so the dealer's own invoice number is required","{0} స్వతంత్రం, కాబట్టి డీలర్ సొంత ఇన్‌వాయిస్ నంబర్ తప్పనిసరి"
"{0} is not registered yet. Register the sale first, then a complaint can be raised against it.","{0} ఇంకా రిజిస్టర్ కాలేదు. ముందు అమ్మకాన్ని రిజిస్టర్ చేయండి, ఆ తర్వాత దాని మీద ఫిర్యాదు చేయవచ్చు."
{0} is required,{0} తప్పనిసరి
{0} kg charged,{0} కేజీలు ఛార్జ్ చేయబడ్డాయి
{0} more than the period before ({1}),గత కాలం కంటే {0} ఎక్కువ ({1})
{0} must be 10 digits starting with 6-9,{0} 6-9 తో మొదలై 10 అంకెలు ఉండాలి
{0} on approved leave,{0} ఆమోదిత సెలవులో
"{0} orders, {1} deliveries, {2} invoices in this period","ఈ కాలంలో {0} ఆర్డర్‌లు, {1} డెలివరీలు, {2} ఇన్‌వాయిస్‌లు"
{0} production runs,{0} ఉత్పత్తి రన్‌లు
{0} pump(s) registered and warranty started: {1},"{0} పంప్(లు) రిజిస్టర్ అయ్యాయి, వారంటీ మొదలైంది: {1}"
{0} raised in this period,ఈ కాలంలో {0} వచ్చాయి
{0} raised this period,ఈ కాలంలో {0} వచ్చాయి
{0} rows queued. They are being written in the background - reload this page in a few minutes and run the reconciliation report.,{0} వరుసలు క్యూలో ఉన్నాయి. అవి బ్యాక్‌గ్రౌండ్‌లో సేవ్ అవుతున్నాయి - కొన్ని నిమిషాల తర్వాత ఈ పేజీని రిఫ్రెష్ చేసి సరిపోలిక రిపోర్టును చూడండి.
{0} salary slips,{0} జీతం స్లిప్‌లు
{0} so far in {1},{1} లో ఇప్పటివరకు {0}
{0} sold nothing - worth a call,{0} ఏమీ అమ్మలేదు - ఒకసారి ఫోన్ చేయడం మంచిది
"{0} sold this directly, so the customer holds a KUMAR invoice. Link it.","{0} దీన్ని నేరుగా అమ్మారు, కాబట్టి కస్టమర్ దగ్గర KUMAR ఇన్‌వాయిస్ ఉంటుంది. దాన్ని లింక్ చేయండి."
{0} stators wound,{0} స్టేటర్లు వైండ్ చేయబడ్డాయి
"{0} units built, {1} registered, {2} with complaints.","{0} యూనిట్లు తయారయ్యాయి, {1} రిజిస్టర్ అయ్యాయి, {2} మీద ఫిర్యాదులు వచ్చాయి."
{0} units tested,{0} యూనిట్లు టెస్ట్ చేయబడ్డాయి
"{0} was not sold by your outlet, so you cannot raise a request against it.","{0} మీ అవుట్‌లెట్ అమ్మలేదు, కాబట్టి దాని మీద మీరు రిక్వెస్ట్ పెట్టలేరు."
{0}d ago,{0} రోజుల క్రితం
